entryURN,image
urn:cts:greekLit:tlg1168.tlg001.hmt:delta.1,"urn:cite:bnf:coislin345img.Coislin345_img44@0.0551,0.534,0.7137,0.0555"
urn:cts:greekLit:tlg1168.tlg001.hmt:delta.2,"urn:cite:bnf:coislin345img.Coislin345_img44@0.0711,0.5832,0.3413,0.0229"
urn:cts:greekLit:tlg1168.tlg001.hmt:delta.3,"urn:cite:bnf:coislin345img.Coislin345_img44@0.0561,0.5728,0.7197,0.0583"
urn:cts:greekLit:tlg1168.tlg001.hmt:delta.4,"urn:cite:bnf:coislin345img.Coislin345_img44@0.0691,0.6227,0.5916,0.0264"
urn:cts:greekLit:tlg1168.tlg001.hmt:delta.5,"urn:cite:bnf:coislin345img.Coislin345_img44@0.0761,0.6436,0.4064,0.0236"
urn:cts:greekLit:tlg1168.tlg001.hmt:delta.6,"urn:cite:bnf:coislin345img.Coislin345_img44@0.1281,0.6352,0.6286,0.0485"
urn:cts:greekLit:tlg1168.tlg001.hmt:delta.7,"urn:cite:bnf:coislin345img.Coislin345_img44@0.0711,0.6803,0.3854,0.0243"
urn:cts:greekLit:tlg1168.tlg001.hmt:delta.8,"urn:cite:bnf:coislin345img.Coislin345_img44@0.4895,0.6741,0.2703,0.0264"
urn:cts:greekLit:tlg1168.tlg001.hmt:delta.9,"urn:cite:bnf:coislin345img.Coislin345_img44@0.0821,0.6976,0.5646,0.0319"
urn:cts:greekLit:tlg1168.tlg001.hmt:delta.10,"urn:cite:bnf:coislin345img.Coislin345_img44@0.0791,0.7212,0.5025,0.0236"
urn:cts:greekLit:tlg1168.tlg001.hmt:delta.11,"urn:cite:bnf:coislin345img.Coislin345_img44@0.5786,0.7094,0.2062,0.0305"
urn:cts:greekLit:tlg1168.tlg001.hmt:delta.12,"urn:cite:bnf:coislin345img.Coislin345_img44@0.0741,0.7455,0.2082,0.0257"
urn:cts:greekLit:tlg1168.tlg001.hmt:delta.13,"urn:cite:bnf:coislin345img.Coislin345_img44@0.2963,0.742,0.2322,0.0243"
urn:cts:greekLit:tlg1168.tlg001.hmt:delta.14,"urn:cite:bnf:coislin345img.Coislin345_img44@0.5526,0.7337,0.2172,0.0243"
urn:cts:greekLit:tlg1168.tlg001.hmt:delta.15,"urn:cite:bnf:coislin345img.Coislin345_img44@0.0801,0.7517,0.7037,0.0333"
urn:cts:greekLit:tlg1168.tlg001.hmt:delta.16,"urn:cite:bnf:coislin345img.Coislin345_img44@0.0771,0.7718,0.6927,0.0388"
urn:cts:greekLit:tlg1168.tlg001.hmt:delta.17,"urn:cite:bnf:coislin345img.Coislin345_img45@0.2382,0.0818,0.2322,0.0347"
urn:cts:greekLit:tlg1168.tlg001.hmt:delta.18,"urn:cite:bnf:coislin345img.Coislin345_img45@0.2302,0.086,0.6787,0.0548"
urn:cts:greekLit:tlg1168.tlg001.hmt:delta.19,"urn:cite:bnf:coislin345img.Coislin345_img45@0.2262,0.1221,0.6897,0.0465"
urn:cts:greekLit:tlg1168.tlg001.hmt:delta.20,"urn:cite:bnf:coislin345img.Coislin345_img45@0.2302,0.1491,0.5806,0.0368"
urn:cts:greekLit:tlg1168.tlg001.hmt:delta.21,"urn:cite:bnf:coislin345img.Coislin345_img45@0.2142,0.1678,0.2543,0.0291"
urn:cts:greekLit:tlg1168.tlg001.hmt:delta.22,"urn:cite:bnf:coislin345img.Coislin345_img45@0.4725,0.1796,0.1802,0.0243"
urn:cts:greekLit:tlg1168.tlg001.hmt:delta.23,"urn:cite:bnf:coislin345img.Coislin345_img45@0.6937,0.1824,0.2212,0.0451"
urn:cts:greekLit:tlg1168.tlg001.hmt:delta.24,"urn:cite:bnf:coislin345img.Coislin345_img45@0.2112,0.1886,0.3113,0.0312"
urn:cts:greekLit:tlg1168.tlg001.hmt:delta.25,"urn:cite:bnf:coislin345img.Coislin345_img45@0.1922,0.1997,0.7217,0.0687"
urn:cts:greekLit:tlg1168.tlg001.hmt:delta.26,"urn:cite:bnf:coislin345img.Coislin345_img45@0.2162,0.2434,0.3614,0.034"
urn:cts:greekLit:tlg1168.tlg001.hmt:delta.27,"urn:cite:bnf:coislin345img.Coislin345_img45@0.6146,0.2566,0.2763,0.0291"
urn:cts:greekLit:tlg1168.tlg001.hmt:delta.28,"urn:cite:bnf:coislin345img.Coislin345_img45@0.2212,0.2642,0.6877,0.0576"
urn:cts:greekLit:tlg1168.tlg001.hmt:delta.29,"urn:cite:bnf:coislin345img.Coislin345_img45@0.2262,0.2871,0.2402,0.0305"
urn:cts:greekLit:tlg1168.tlg001.hmt:delta.30,"urn:cite:bnf:coislin345img.Coislin345_img45@0.4765,0.2933,0.2603,0.0277"
urn:cts:greekLit:tlg1168.tlg001.hmt:delta.31,"urn:cite:bnf:coislin345img.Coislin345_img45@0.2162,0.3044,0.3243,0.0284"
urn:cts:greekLit:tlg1168.tlg001.hmt:delta.32,"urn:cite:bnf:coislin345img.Coislin345_img45@0.5566,0.3162,0.3524,0.0416"
urn:cts:greekLit:tlg1168.tlg001.hmt:delta.33,"urn:cite:bnf:coislin345img.Coislin345_img45@0.2212,0.3218,0.2492,0.0298"
urn:cts:greekLit:tlg1168.tlg001.hmt:delta.34,"urn:cite:bnf:coislin345img.Coislin345_img45@0.5005,0.3329,0.2462,0.0305"
urn:cts:greekLit:tlg1168.tlg001.hmt:delta.35,"urn:cite:bnf:coislin345img.Coislin345_img45@0.2242,0.346,0.2953,0.0326"
urn:cts:greekLit:tlg1168.tlg001.hmt:delta.36,"urn:cite:bnf:coislin345img.Coislin345_img45@0.2633,0.3523,0.6476,0.0409"
urn:cts:greekLit:tlg1168.tlg001.hmt:delta.37,"urn:cite:bnf:coislin345img.Coislin345_img45@0.5395,0.3731,0.3093,0.025"
urn:cts:greekLit:tlg1168.tlg001.hmt:delta.38,"urn:cite:bnf:coislin345img.Coislin345_img45@0.2042,0.3807,0.3544,0.0312"
urn:cts:greekLit:tlg1168.tlg001.hmt:delta.39,"urn:cite:bnf:coislin345img.Coislin345_img45@0.2593,0.3911,0.6456,0.0444"
urn:cts:greekLit:tlg1168.tlg001.hmt:delta.40,"urn:cite:bnf:coislin345img.Coislin345_img45@0.2182,0.423,0.4725,0.0368"
urn:cts:greekLit:tlg1168.tlg001.hmt:delta.41,"urn:cite:bnf:coislin345img.Coislin345_img45@0.6907,0.4279,0.2082,0.0506"
urn:cts:greekLit:tlg1168.tlg001.hmt:delta.42,"urn:cite:bnf:coislin345img.Coislin345_img45@0.2222,0.4417,0.1882,0.0257"
urn:cts:greekLit:tlg1168.tlg001.hmt:delta.43,"urn:cite:bnf:coislin345img.Coislin345_img45@0.4244,0.4452,0.4204,0.0416"
urn:cts:greekLit:tlg1168.tlg001.hmt:delta.44,"urn:cite:bnf:coislin345img.Coislin345_img45@0.1732,0.4473,0.1912,0.0333"
urn:cts:greekLit:tlg1168.tlg001.hmt:delta.45,"urn:cite:bnf:coislin345img.Coislin345_img45@0.3884,0.4653,0.2903,0.0243"
urn:cts:greekLit:tlg1168.tlg001.hmt:delta.46,"urn:cite:bnf:coislin345img.Coislin345_img45@0.1782,0.4674,0.7127,0.061"
urn:cts:greekLit:tlg1168.tlg001.hmt:delta.47,"urn:cite:bnf:coislin345img.Coislin345_img45@0.6587,0.5076,0.2152,0.027"
urn:cts:greekLit:tlg1168.tlg001.hmt:delta.48,"urn:cite:bnf:coislin345img.Coislin345_img45@0.1852,0.5035,0.1812,0.0374"
urn:cts:greekLit:tlg1168.tlg001.hmt:delta.49,"urn:cite:bnf:coislin345img.Coislin345_img45@0.4054,0.5222,0.2162,0.0229"
urn:cts:greekLit:tlg1168.tlg001.hmt:delta.50,"urn:cite:bnf:coislin345img.Coislin345_img45@0.6346,0.5277,0.2663,0.0229"
urn:cts:greekLit:tlg1168.tlg001.hmt:delta.51,"urn:cite:bnf:coislin345img.Coislin345_img45@0.1942,0.5312,0.3153,0.0361"
urn:cts:greekLit:tlg1168.tlg001.hmt:delta.52,"urn:cite:bnf:coislin345img.Coislin345_img45@0.5245,0.5437,0.2873,0.0277"
urn:cts:greekLit:tlg1168.tlg001.hmt:delta.53,"urn:cite:bnf:coislin345img.Coislin345_img45@0.2112,0.5569,0.6817,0.0416"
urn:cts:greekLit:tlg1168.tlg001.hmt:delta.54,"urn:cite:bnf:coislin345img.Coislin345_img45@0.5045,0.5791,0.3744,0.0298"
urn:cts:greekLit:tlg1168.tlg001.hmt:delta.55,"urn:cite:bnf:coislin345img.Coislin345_img45@0.2162,0.5971,0.2042,0.0222"
urn:cts:greekLit:tlg1168.tlg001.hmt:delta.56,"urn:cite:bnf:coislin345img.Coislin345_img45@0.4264,0.5992,0.3864,0.0284"
urn:cts:greekLit:tlg1168.tlg001.hmt:delta.57,"urn:cite:bnf:coislin345img.Coislin345_img45@0.2052,0.6144,0.2312,0.0222"
urn:cts:greekLit:tlg1168.tlg001.hmt:delta.58,"urn:cite:bnf:coislin345img.Coislin345_img45@0.4334,0.62,0.2753,0.0257"
urn:cts:greekLit:tlg1168.tlg001.hmt:delta.59,"urn:cite:bnf:coislin345img.Coislin345_img45@0.7127,0.6227,0.1902,0.0347"
urn:cts:greekLit:tlg1168.tlg001.hmt:delta.60,"urn:cite:bnf:coislin345img.Coislin345_img45@0.1962,0.6311,0.4685,0.0298"
urn:cts:greekLit:tlg1168.tlg001.hmt:delta.61,"urn:cite:bnf:coislin345img.Coislin345_img45@0.2122,0.6519,0.5866,0.0305"
urn:cts:greekLit:tlg1168.tlg001.hmt:delta.62,"urn:cite:bnf:coislin345img.Coislin345_img45@0.2142,0.6713,0.1952,0.025"
urn:cts:greekLit:tlg1168.tlg001.hmt:delta.63,"urn:cite:bnf:coislin345img.Coislin345_img45@0.4264,0.6748,0.4695,0.0465"
urn:cts:greekLit:tlg1168.tlg001.hmt:delta.64,"urn:cite:bnf:coislin345img.Coislin345_img45@0.2002,0.6907,0.2402,0.0264"
urn:cts:greekLit:tlg1168.tlg001.hmt:delta.65,"urn:cite:bnf:coislin345img.Coislin345_img45@0.4494,0.6935,0.3233,0.0326"
urn:cts:greekLit:tlg1168.tlg001.hmt:delta.66,"urn:cite:bnf:coislin345img.Coislin345_img45@0.2002,0.7122,0.4314,0.0298"
urn:cts:greekLit:tlg1168.tlg001.hmt:delta.67,"urn:cite:bnf:coislin345img.Coislin345_img45@0.2503,0.7184,0.6557,0.0458"
urn:cts:greekLit:tlg1168.tlg001.hmt:delta.68,"urn:cite:bnf:coislin345img.Coislin345_img45@0.2022,0.7483,0.3684,0.0284"
urn:cts:greekLit:tlg1168.tlg001.hmt:delta.69,"urn:cite:bnf:coislin345img.Coislin345_img45@0.5786,0.7587,0.1902,0.0257"
urn:cts:greekLit:tlg1168.tlg001.hmt:delta.70,"urn:cite:bnf:coislin345img.Coislin345_img45@0.1642,0.7628,0.2583,0.0409"
urn:cts:greekLit:tlg1168.tlg001.hmt:delta.71,"urn:cite:bnf:coislin345img.Coislin345_img45@0.4484,0.7725,0.1522,0.0305"
urn:cts:greekLit:tlg1168.tlg001.hmt:delta.72,"urn:cite:bnf:coislin345img.Coislin345_img45@0.6156,0.7774,0.2172,0.0298"
urn:cts:greekLit:tlg1168.tlg001.hmt:delta.73,"urn:cite:bnf:coislin345img.Coislin345_img46@0.0781,0.1026,0.2202,0.0291"
urn:cts:greekLit:tlg1168.tlg001.hmt:delta.74,"urn:cite:bnf:coislin345img.Coislin345_img46@0.3123,0.0999,0.2332,0.0229"
urn:cts:greekLit:tlg1168.tlg001.hmt:delta.75,"urn:cite:bnf:coislin345img.Coislin345_img46@0.5516,0.0902,0.1271,0.0277"
urn:cts:greekLit:tlg1168.tlg001.hmt:delta.76,"urn:cite:bnf:coislin345img.Coislin345_img46@0.0661,0.1262,0.2322,0.0236"
urn:cts:greekLit:tlg1168.tlg001.hmt:delta.77,"urn:cite:bnf:coislin345img.Coislin345_img46@0.3073,0.1214,0.1852,0.0187"
urn:cts:greekLit:tlg1168.tlg001.hmt:delta.78,"urn:cite:bnf:coislin345img.Coislin345_img46@0.5145,0.1151,0.1772,0.0201"
urn:cts:greekLit:tlg1168.tlg001.hmt:delta.79,"urn:cite:bnf:coislin345img.Coislin345_img46@0.0751,0.1484,0.1592,0.0222"
urn:cts:greekLit:tlg1168.tlg001.hmt:delta.80,"urn:cite:bnf:coislin345img.Coislin345_img46@0.2362,0.1269,0.5105,0.0381"
urn:cts:greekLit:tlg1168.tlg001.hmt:delta.81,"urn:cite:bnf:coislin345img.Coislin345_img46@0.0691,0.1595,0.4064,0.0264"
urn:cts:greekLit:tlg1168.tlg001.hmt:delta.82,"urn:cite:bnf:coislin345img.Coislin345_img46@0.0741,0.1498,0.6647,0.0555"
urn:cts:greekLit:tlg1168.tlg001.hmt:delta.83,"urn:cite:bnf:coislin345img.Coislin345_img46@0.4585,0.1692,0.2903,0.0319"
urn:cts:greekLit:tlg1168.tlg001.hmt:delta.84,"urn:cite:bnf:coislin345img.Coislin345_img46@0.0751,0.1976,0.2693,0.027"
urn:cts:greekLit:tlg1168.tlg001.hmt:delta.85,"urn:cite:bnf:coislin345img.Coislin345_img46@0.3504,0.1928,0.3504,0.0264"
urn:cts:greekLit:tlg1168.tlg001.hmt:delta.86,"urn:cite:bnf:coislin345img.Coislin345_img46@0.0731,0.2171,0.3704,0.0298"
urn:cts:greekLit:tlg1168.tlg001.hmt:delta.87,"urn:cite:bnf:coislin345img.Coislin345_img46@0.4575,0.2094,0.1972,0.0298"
urn:cts:greekLit:tlg1168.tlg001.hmt:delta.88,"urn:cite:bnf:coislin345img.Coislin345_img46@0.0751,0.2316,0.6617,0.0354"
urn:cts:greekLit:tlg1168.tlg001.hmt:delta.89,"urn:cite:bnf:coislin345img.Coislin345_img46@0.0691,0.2545,0.1982,0.0354"
urn:cts:greekLit:tlg1168.tlg001.hmt:delta.90,"urn:cite:bnf:coislin345img.Coislin345_img46@0.2613,0.2559,0.1712,0.025"
urn:cts:greekLit:tlg1168.tlg001.hmt:delta.91,"urn:cite:bnf:coislin345img.Coislin345_img46@0.4374,0.251,0.3093,0.0333"
urn:cts:greekLit:tlg1168.tlg001.hmt:delta.92,"urn:cite:bnf:coislin345img.Coislin345_img46@0.0701,0.267,0.4935,0.0354"
urn:cts:greekLit:tlg1168.tlg001.hmt:delta.93,"urn:cite:bnf:coislin345img.Coislin345_img46@0.0741,0.2899,0.6707,0.0541"
urn:cts:greekLit:tlg1168.tlg001.hmt:delta.94,"urn:cite:bnf:coislin345img.Coislin345_img46@0.0861,0.3197,0.6607,0.0756"
urn:cts:greekLit:tlg1168.tlg001.hmt:delta.95,"urn:cite:bnf:coislin345img.Coislin345_img46@0.5165,0.3592,0.2032,0.0277"
urn:cts:greekLit:tlg1168.tlg001.hmt:delta.96,"urn:cite:bnf:coislin345img.Coislin345_img46@0.0691,0.3877,0.3033,0.0326"
urn:cts:greekLit:tlg1168.tlg001.hmt:delta.97,"urn:cite:bnf:coislin345img.Coislin345_img46@0.3914,0.3807,0.3864,0.0354"
urn:cts:greekLit:tlg1168.tlg001.hmt:delta.98,"urn:cite:bnf:coislin345img.Coislin345_img46@0.0681,0.4085,0.2563,0.0326"
urn:cts:greekLit:tlg1168.tlg001.hmt:delta.99,"urn:cite:bnf:coislin345img.Coislin345_img46@0.3253,0.4029,0.3694,0.027"
urn:cts:greekLit:tlg1168.tlg001.hmt:delta.100,"urn:cite:bnf:coislin345img.Coislin345_img46@0.0671,0.43,0.2753,0.0284"
urn:cts:greekLit:tlg1168.tlg001.hmt:delta.101,"urn:cite:bnf:coislin345img.Coislin345_img46@0.3443,0.4182,0.4044,0.0312"
urn:cts:greekLit:tlg1168.tlg001.hmt:delta.102,"urn:cite:bnf:coislin345img.Coislin345_img46@0.0661,0.448,0.1762,0.0312"
urn:cts:greekLit:tlg1168.tlg001.hmt:delta.103,"urn:cite:bnf:coislin345img.Coislin345_img46@0.2492,0.4404,0.5105,0.0298"
urn:cts:greekLit:tlg1168.tlg001.hmt:delta.104,"urn:cite:bnf:coislin345img.Coislin345_img46@0.0771,0.4619,0.5626,0.0326"
urn:cts:greekLit:tlg1168.tlg001.hmt:delta.105,"urn:cite:bnf:coislin345img.Coislin345_img46@0.0741,0.4792,0.6547,0.0333"
urn:cts:greekLit:tlg1168.tlg001.hmt:delta.106,"urn:cite:bnf:coislin345img.Coislin345_img46@0.0681,0.4965,0.6927,0.0555"
urn:cts:greekLit:tlg1168.tlg001.hmt:delta.107,"urn:cite:bnf:coislin345img.Coislin345_img46@0.0621,0.5409,0.6927,0.0485"
urn:cts:greekLit:tlg1168.tlg001.hmt:delta.108,"urn:cite:bnf:coislin345img.Coislin345_img46@0.5425,0.552,0.2122,0.0326"
urn:cts:greekLit:tlg1168.tlg001.hmt:delta.109,"urn:cite:bnf:coislin345img.Coislin345_img46@0.0691,0.5811,0.4725,0.027"
urn:cts:greekLit:tlg1168.tlg001.hmt:delta.110,"urn:cite:bnf:coislin345img.Coislin345_img46@0.0651,0.6012,0.4454,0.027"
urn:cts:greekLit:tlg1168.tlg001.hmt:delta.111,"urn:cite:bnf:coislin345img.Coislin345_img46@0.5185,0.5922,0.2422,0.027"
urn:cts:greekLit:tlg1168.tlg001.hmt:delta.112,"urn:cite:bnf:coislin345img.Coislin345_img46@0.0731,0.6193,0.4695,0.0277"
urn:cts:greekLit:tlg1168.tlg001.hmt:delta.113,"urn:cite:bnf:coislin345img.Coislin345_img46@0.5305,0.6123,0.2182,0.0277"
urn:cts:greekLit:tlg1168.tlg001.hmt:delta.114,"urn:cite:bnf:coislin345img.Coislin345_img46@0.0641,0.6366,0.7147,0.0305"
urn:cts:greekLit:tlg1168.tlg001.hmt:delta.115,"urn:cite:bnf:coislin345img.Coislin345_img46@0.0601,0.6623,0.2613,0.0257"
urn:cts:greekLit:tlg1168.tlg001.hmt:delta.116,"urn:cite:bnf:coislin345img.Coislin345_img46@0.3233,0.6526,0.4635,0.027"
urn:cts:greekLit:tlg1168.tlg001.hmt:delta.117,"urn:cite:bnf:coislin345img.Coislin345_img46@0.0741,0.6699,0.7017,0.0319"
urn:cts:greekLit:tlg1168.tlg001.hmt:delta.118,"urn:cite:bnf:coislin345img.Coislin345_img46@0.0691,0.6956,0.3554,0.027"
urn:cts:greekLit:tlg1168.tlg001.hmt:delta.119,"urn:cite:bnf:coislin345img.Coislin345_img46@0.4384,0.6893,0.3554,0.0277"
urn:cts:greekLit:tlg1168.tlg001.hmt:delta.120,"urn:cite:bnf:coislin345img.Coislin345_img46@0.0741,0.7191,0.3724,0.0229"
urn:cts:greekLit:tlg1168.tlg001.hmt:delta.121,"urn:cite:bnf:coislin345img.Coislin345_img46@0.1081,0.706,0.6567,0.0562"
urn:cts:greekLit:tlg1168.tlg001.hmt:delta.122,"urn:cite:bnf:coislin345img.Coislin345_img46@0.0701,0.7448,0.7267,0.07"
urn:cts:greekLit:tlg1168.tlg001.hmt:delta.123,"urn:cite:bnf:coislin345img.Coislin345_img47@0.2643,0.0818,0.2262,0.0409"
urn:cts:greekLit:tlg1168.tlg001.hmt:delta.124,"urn:cite:bnf:coislin345img.Coislin345_img47@0.3173,0.0881,0.6046,0.0603"
urn:cts:greekLit:tlg1168.tlg001.hmt:delta.125,"urn:cite:bnf:coislin345img.Coislin345_img47@0.2553,0.1318,0.5175,0.0374"
urn:cts:greekLit:tlg1168.tlg001.hmt:delta.126,"urn:cite:bnf:coislin345img.Coislin345_img47@0.2533,0.1484,0.5816,0.0402"
urn:cts:greekLit:tlg1168.tlg001.hmt:delta.127,"urn:cite:bnf:coislin345img.Coislin345_img47@0.2513,0.1623,0.6096,0.043"
urn:cts:greekLit:tlg1168.tlg001.hmt:delta.128,"urn:cite:bnf:coislin345img.Coislin345_img47@0.2543,0.19,0.2422,0.0305"
urn:cts:greekLit:tlg1168.tlg001.hmt:delta.129,"urn:cite:bnf:coislin345img.Coislin345_img47@0.5045,0.1963,0.4244,0.0368"
urn:cts:greekLit:tlg1168.tlg001.hmt:delta.130,"urn:cite:bnf:coislin345img.Coislin345_img47@0.2402,0.2108,0.5075,0.034"
urn:cts:greekLit:tlg1168.tlg001.hmt:epsilon.1,"urn:cite:bnf:coislin345img.Coislin345_img47@0.2242,0.2497,0.7007,0.0693"
urn:cts:greekLit:tlg1168.tlg001.hmt:epsilon.2,"urn:cite:bnf:coislin345img.Coislin345_img47@0.2412,0.3051,0.6747,0.0527"
urn:cts:greekLit:tlg1168.tlg001.hmt:epsilon.3,"urn:cite:bnf:coislin345img.Coislin345_img47@0.2412,0.3384,0.2703,0.0319"
urn:cts:greekLit:tlg1168.tlg001.hmt:epsilon.4,"urn:cite:bnf:coislin345img.Coislin345_img47@0.5085,0.3467,0.1932,0.0319"
urn:cts:greekLit:tlg1168.tlg001.hmt:epsilon.5,"urn:cite:bnf:coislin345img.Coislin345_img47@0.2963,0.3537,0.6186,0.0749"
urn:cts:greekLit:tlg1168.tlg001.hmt:epsilon.6,"urn:cite:bnf:coislin345img.Coislin345_img47@0.5035,0.4092,0.4114,0.0291"
urn:cts:greekLit:tlg1168.tlg001.hmt:epsilon.7,"urn:cite:bnf:coislin345img.Coislin345_img47@0.2272,0.4175,0.1902,0.0333"
urn:cts:greekLit:tlg1168.tlg001.hmt:epsilon.8,"urn:cite:bnf:coislin345img.Coislin345_img47@0.4204,0.4223,0.2773,0.0333"
urn:cts:greekLit:tlg1168.tlg001.hmt:epsilon.9,"urn:cite:bnf:coislin345img.Coislin345_img47@0.6837,0.4307,0.2503,0.0347"
urn:cts:greekLit:tlg1168.tlg001.hmt:epsilon.10,"urn:cite:bnf:coislin345img.Coislin345_img47@0.2372,0.4397,0.3934,0.0312"
urn:cts:greekLit:tlg1168.tlg001.hmt:epsilon.11,"urn:cite:bnf:coislin345img.Coislin345_img47@0.3103,0.4515,0.6016,0.0409"
urn:cts:greekLit:tlg1168.tlg001.hmt:epsilon.12,"urn:cite:bnf:coislin345img.Coislin345_img47@0.6126,0.4716,0.2863,0.0257"
urn:cts:greekLit:tlg1168.tlg001.hmt:epsilon.13,"urn:cite:bnf:coislin345img.Coislin345_img47@0.2382,0.4785,0.6747,0.0472"
urn:cts:greekLit:tlg1168.tlg001.hmt:epsilon.14,"urn:cite:bnf:coislin345img.Coislin345_img47@0.5526,0.5076,0.3684,0.0319"
urn:cts:greekLit:tlg1168.tlg001.hmt:epsilon.15,"urn:cite:bnf:coislin345img.Coislin345_img47@0.2322,0.5166,0.4935,0.0333"
urn:cts:greekLit:tlg1168.tlg001.hmt:epsilon.16,"urn:cite:bnf:coislin345img.Coislin345_img47@0.7187,0.5319,0.2102,0.0479"
urn:cts:greekLit:tlg1168.tlg001.hmt:epsilon.17,"urn:cite:bnf:coislin345img.Coislin345_img47@0.2292,0.5388,0.1872,0.025"
urn:cts:greekLit:tlg1168.tlg001.hmt:epsilon.18,"urn:cite:bnf:coislin345img.Coislin345_img47@0.4154,0.5444,0.2943,0.027"
urn:cts:greekLit:tlg1168.tlg001.hmt:epsilon.19,"urn:cite:bnf:coislin345img.Coislin345_img47@0.2362,0.5548,0.3794,0.0326"
urn:cts:greekLit:tlg1168.tlg001.hmt:epsilon.20,"urn:cite:bnf:coislin345img.Coislin345_img47@0.6517,0.5652,0.2412,0.0291"
urn:cts:greekLit:tlg1168.tlg001.hmt:epsilon.21,"urn:cite:bnf:coislin345img.Coislin345_img47@0.2382,0.5784,0.3874,0.0277"
urn:cts:greekLit:tlg1168.tlg001.hmt:epsilon.22,"urn:cite:bnf:coislin345img.Coislin345_img47@0.2312,0.5943,0.5666,0.034"
urn:cts:greekLit:tlg1168.tlg001.hmt:epsilon.23,"urn:cite:bnf:coislin345img.Coislin345_img47@0.2382,0.6158,0.5485,0.0277"
urn:cts:greekLit:tlg1168.tlg001.hmt:epsilon.24,"urn:cite:bnf:coislin345img.Coislin345_img47@0.2402,0.6373,0.6707,0.0451"
urn:cts:greekLit:tlg1168.tlg001.hmt:epsilon.25,"urn:cite:bnf:coislin345img.Coislin345_img47@0.5806,0.6581,0.1692,0.0277"
urn:cts:greekLit:tlg1168.tlg001.hmt:epsilon.26,"urn:cite:bnf:coislin345img.Coislin345_img47@0.7828,0.665,0.1451,0.0229"
urn:cts:greekLit:tlg1168.tlg001.hmt:epsilon.27,"urn:cite:bnf:coislin345img.Coislin345_img47@0.2312,0.6657,0.5546,0.034"
urn:cts:greekLit:tlg1168.tlg001.hmt:epsilon.28,"urn:cite:bnf:coislin345img.Coislin345_img47@0.2352,0.6872,0.6617,0.0562"
urn:cts:greekLit:tlg1168.tlg001.hmt:epsilon.29,"urn:cite:bnf:coislin345img.Coislin345_img47@0.2272,0.7205,0.6937,0.1019"
urn:cts:greekLit:tlg1168.tlg001.hmt:epsilon.30,"urn:cite:bnf:coislin345img.Coislin345_img48@0.0661,0.1259,0.1942,0.0247"
urn:cts:greekLit:tlg1168.tlg001.hmt:epsilon.31,"urn:cite:bnf:coislin345img.Coislin345_img48@0.2743,0.1226,0.3333,0.0286"
urn:cts:greekLit:tlg1168.tlg001.hmt:epsilon.32,"urn:cite:bnf:coislin345img.Coislin345_img48@0.0741,0.1472,0.2262,0.024"
urn:cts:greekLit:tlg1168.tlg001.hmt:epsilon.33,"urn:cite:bnf:coislin345img.Coislin345_img48@0.3183,0.1479,0.1491,0.0213"
urn:cts:greekLit:tlg1168.tlg001.hmt:epsilon.34,"urn:cite:bnf:coislin345img.Coislin345_img48@0.1181,0.1432,0.6507,0.0466"
urn:cts:greekLit:tlg1168.tlg001.hmt:epsilon.35,"urn:cite:bnf:coislin345img.Coislin345_img48@0.1071,0.1599,0.6496,0.0486"
urn:cts:greekLit:tlg1168.tlg001.hmt:epsilon.36,"urn:cite:bnf:coislin345img.Coislin345_img48@0.0651,0.2045,0.5075,0.0266"
urn:cts:greekLit:tlg1168.tlg001.hmt:epsilon.37,"urn:cite:bnf:coislin345img.Coislin345_img48@0.5856,0.1972,0.1682,0.0253"
urn:cts:greekLit:tlg1168.tlg001.hmt:epsilon.38,"urn:cite:bnf:coislin345img.Coislin345_img48@0.0671,0.2272,0.2342,0.0213"
urn:cts:greekLit:tlg1168.tlg001.hmt:epsilon.39,"urn:cite:bnf:coislin345img.Coislin345_img48@0.1241,0.2199,0.6416,0.0493"
urn:cts:greekLit:tlg1168.tlg001.hmt:epsilon.40,"urn:cite:bnf:coislin345img.Coislin345_img48@0.1441,0.2398,0.5075,0.0273"
urn:cts:greekLit:tlg1168.tlg001.hmt:epsilon.41,"urn:cite:bnf:coislin345img.Coislin345_img48@0.0691,0.2572,0.6897,0.0453"
urn:cts:greekLit:tlg1168.tlg001.hmt:epsilon.42,"urn:cite:bnf:coislin345img.Coislin345_img48@0.0681,0.2938,0.7107,0.0313"
urn:cts:greekLit:tlg1168.tlg001.hmt:epsilon.43,"urn:cite:bnf:coislin345img.Coislin345_img48@0.6587,0.2951,0.1281,0.0406"
urn:cts:greekLit:tlg1168.tlg001.hmt:epsilon.44,"urn:cite:bnf:coislin345img.Coislin345_img48@0.0711,0.3145,0.6146,0.0466"
urn:cts:greekLit:tlg1168.tlg001.hmt:epsilon.45,"urn:cite:bnf:coislin345img.Coislin345_img48@0.0681,0.3558,0.7167,0.0446"
urn:cts:greekLit:tlg1168.tlg001.hmt:epsilon.46,"urn:cite:bnf:coislin345img.Coislin345_img48@0.4074,0.3711,0.3914,0.04"
urn:cts:greekLit:tlg1168.tlg001.hmt:epsilon.47,"urn:cite:bnf:coislin345img.Coislin345_img48@0.0751,0.3931,0.4154,0.0293"
urn:cts:greekLit:tlg1168.tlg001.hmt:epsilon.48,"urn:cite:bnf:coislin345img.Coislin345_img48@0.5055,0.3884,0.2332,0.0293"
urn:cts:greekLit:tlg1168.tlg001.hmt:epsilon.49,"urn:cite:bnf:coislin345img.Coislin345_img48@0.0681,0.4151,0.1642,0.032"
urn:cts:greekLit:tlg1168.tlg001.hmt:epsilon.50,"urn:cite:bnf:coislin345img.Coislin345_img48@0.2553,0.4137,0.4685,0.03"
urn:cts:greekLit:tlg1168.tlg001.hmt:epsilon.51,"urn:cite:bnf:coislin345img.Coislin345_img48@0.0731,0.435,0.5896,0.026"
urn:cts:greekLit:tlg1168.tlg001.hmt:epsilon.52,"urn:cite:bnf:coislin345img.Coislin345_img48@0.0711,0.455,0.4705,0.0253"
urn:cts:greekLit:tlg1168.tlg001.hmt:epsilon.53,"urn:cite:bnf:coislin345img.Coislin345_img48@0.5586,0.4504,0.1942,0.026"
urn:cts:greekLit:tlg1168.tlg001.hmt:epsilon.54,"urn:cite:bnf:coislin345img.Coislin345_img48@0.0781,0.4763,0.3103,0.0247"
urn:cts:greekLit:tlg1168.tlg001.hmt:epsilon.55,"urn:cite:bnf:coislin345img.Coislin345_img48@0.4014,0.4724,0.1712,0.0247"
urn:cts:greekLit:tlg1168.tlg001.hmt:epsilon.56,"urn:cite:bnf:coislin345img.Coislin345_img48@0.4014,0.4724,0.1712,0.0247"
urn:cts:greekLit:tlg1168.tlg001.hmt:epsilon.57,"urn:cite:bnf:coislin345img.Coislin345_img48@0.0821,0.4923,0.5646,0.0293"
urn:cts:greekLit:tlg1168.tlg001.hmt:epsilon.58,"urn:cite:bnf:coislin345img.Coislin345_img48@0.0821,0.5103,0.5556,0.0306"
urn:cts:greekLit:tlg1168.tlg001.hmt:epsilon.59,"urn:cite:bnf:coislin345img.Coislin345_img48@0.0761,0.5336,0.3964,0.0266"
urn:cts:greekLit:tlg1168.tlg001.hmt:epsilon.60,"urn:cite:bnf:coislin345img.Coislin345_img48@0.5195,0.5237,0.2422,0.03"
urn:cts:greekLit:tlg1168.tlg001.hmt:epsilon.61,"urn:cite:bnf:coislin345img.Coislin345_img48@0.0831,0.5523,0.5606,0.0306"
urn:cts:greekLit:tlg1168.tlg001.hmt:epsilon.62,"urn:cite:bnf:coislin345img.Coislin345_img48@0.6396,0.543,0.1532,0.032"
urn:cts:greekLit:tlg1168.tlg001.hmt:epsilon.63,"urn:cite:bnf:coislin345img.Coislin345_img48@0.0871,0.5776,0.2683,0.026"
urn:cts:greekLit:tlg1168.tlg001.hmt:epsilon.64,"urn:cite:bnf:coislin345img.Coislin345_img48@0.1471,0.5683,0.6476,0.074"
urn:cts:greekLit:tlg1168.tlg001.hmt:epsilon.65,"urn:cite:bnf:coislin345img.Coislin345_img48@0.0881,0.6322,0.1892,0.026"
urn:cts:greekLit:tlg1168.tlg001.hmt:epsilon.66,"urn:cite:bnf:coislin345img.Coislin345_img48@0.2863,0.6223,0.4655,0.0353"
urn:cts:greekLit:tlg1168.tlg001.hmt:epsilon.67,"urn:cite:bnf:coislin345img.Coislin345_img48@0.0871,0.6429,0.7107,0.054"
urn:cts:greekLit:tlg1168.tlg001.hmt:epsilon.68,"urn:cite:bnf:coislin345img.Coislin345_img48@0.0871,0.6882,0.3403,0.0293"
urn:cts:greekLit:tlg1168.tlg001.hmt:epsilon.69,"urn:cite:bnf:coislin345img.Coislin345_img48@0.1341,0.6822,0.6647,0.0786"
urn:cts:greekLit:tlg1168.tlg001.hmt:epsilon.70,"urn:cite:bnf:coislin345img.Coislin345_img48@0.5896,0.7215,0.2142,0.0286"
urn:cts:greekLit:tlg1168.tlg001.hmt:epsilon.71,"urn:cite:bnf:coislin345img.Coislin345_img48@0.0811,0.7375,0.7247,0.0506"
urn:cts:greekLit:tlg1168.tlg001.hmt:epsilon.72,"urn:cite:bnf:coislin345img.Coislin345_img48@0.0881,0.7608,0.7207,0.0526"
urn:cts:greekLit:tlg1168.tlg001.hmt:epsilon.73,"urn:cite:bnf:coislin345img.Coislin345_img48@0.0951,0.7975,0.7377,0.05"
urn:cts:greekLit:tlg1168.tlg001.hmt:epsilon.74,"urn:cite:bnf:coislin345img.Coislin345_img49@0.2402,0.1123,0.2272,0.0347"
urn:cts:greekLit:tlg1168.tlg001.hmt:epsilon.75,"urn:cite:bnf:coislin345img.Coislin345_img49@0.5135,0.1137,0.3313,0.0374"
urn:cts:greekLit:tlg1168.tlg001.hmt:epsilon.76,"urn:cite:bnf:coislin345img.Coislin345_img49@0.2412,0.1359,0.3734,0.0361"
urn:cts:greekLit:tlg1168.tlg001.hmt:epsilon.77,"urn:cite:bnf:coislin345img.Coislin345_img49@0.6326,0.1387,0.2833,0.0569"
urn:cts:greekLit:tlg1168.tlg001.hmt:epsilon.78,"urn:cite:bnf:coislin345img.Coislin345_img49@0.2382,0.1567,0.3504,0.0298"
urn:cts:greekLit:tlg1168.tlg001.hmt:epsilon.79,"urn:cite:bnf:coislin345img.Coislin345_img49@0.2362,0.1768,0.3664,0.0305"
urn:cts:greekLit:tlg1168.tlg001.hmt:epsilon.80,"urn:cite:bnf:coislin345img.Coislin345_img49@0.2983,0.1741,0.6046,0.0576"
urn:cts:greekLit:tlg1168.tlg001.hmt:epsilon.81,"urn:cite:bnf:coislin345img.Coislin345_img49@0.2382,0.208,0.3594,0.0361"
urn:cts:greekLit:tlg1168.tlg001.hmt:epsilon.82,"urn:cite:bnf:coislin345img.Coislin345_img49@0.6266,0.2191,0.2933,0.0499"
urn:cts:greekLit:tlg1168.tlg001.hmt:epsilon.83,"urn:cite:bnf:coislin345img.Coislin345_img49@0.2272,0.2358,0.5285,0.0291"
urn:cts:greekLit:tlg1168.tlg001.hmt:epsilon.84,"urn:cite:bnf:coislin345img.Coislin345_img49@0.2302,0.251,0.2082,0.0264"
urn:cts:greekLit:tlg1168.tlg001.hmt:epsilon.85,"urn:cite:bnf:coislin345img.Coislin345_img49@0.4765,0.2552,0.4284,0.0298"
urn:cts:greekLit:tlg1168.tlg001.hmt:epsilon.86,"urn:cite:bnf:coislin345img.Coislin345_img49@0.2312,0.2705,0.2312,0.0284"
urn:cts:greekLit:tlg1168.tlg001.hmt:epsilon.87,"urn:cite:bnf:coislin345img.Coislin345_img49@0.4735,0.2767,0.4244,0.0291"
urn:cts:greekLit:tlg1168.tlg001.hmt:epsilon.88,"urn:cite:bnf:coislin345img.Coislin345_img49@0.2262,0.292,0.6907,0.07"
urn:cts:greekLit:tlg1168.tlg001.hmt:epsilon.89,"urn:cite:bnf:coislin345img.Coislin345_img49@0.2282,0.3488,0.2232,0.0277"
urn:cts:greekLit:tlg1168.tlg001.hmt:epsilon.90,"urn:cite:bnf:coislin345img.Coislin345_img49@0.4665,0.3551,0.2022,0.0264"
urn:cts:greekLit:tlg1168.tlg001.hmt:epsilon.91,"urn:cite:bnf:coislin345img.Coislin345_img49@0.6917,0.353,0.1962,0.0312"
urn:cts:greekLit:tlg1168.tlg001.hmt:epsilon.92,"urn:cite:bnf:coislin345img.Coislin345_img49@0.2232,0.3682,0.3373,0.0291"
urn:cts:greekLit:tlg1168.tlg001.hmt:epsilon.93,"urn:cite:bnf:coislin345img.Coislin345_img49@0.5696,0.3731,0.3433,0.0284"
urn:cts:greekLit:tlg1168.tlg001.hmt:epsilon.94,"urn:cite:bnf:coislin345img.Coislin345_img49@0.2262,0.3863,0.2903,0.0312"
urn:cts:greekLit:tlg1168.tlg001.hmt:epsilon.95,"urn:cite:bnf:coislin345img.Coislin345_img49@0.5425,0.3918,0.3223,0.0354"
urn:cts:greekLit:tlg1168.tlg001.hmt:epsilon.96,"urn:cite:bnf:coislin345img.Coislin345_img49@0.2222,0.4092,0.4955,0.0312"
urn:cts:greekLit:tlg1168.tlg001.hmt:epsilon.97,"urn:cite:bnf:coislin345img.Coislin345_img49@0.2332,0.43,0.3884,0.0284"
urn:cts:greekLit:tlg1168.tlg001.hmt:epsilon.98,"urn:cite:bnf:coislin345img.Coislin345_img49@0.6486,0.4334,0.1982,0.0264"
urn:cts:greekLit:tlg1168.tlg001.hmt:epsilon.99,"urn:cite:bnf:coislin345img.Coislin345_img49@0.2322,0.4521,0.6206,0.0284"
urn:cts:greekLit:tlg1168.tlg001.hmt:epsilon.100,"urn:cite:bnf:coislin345img.Coislin345_img49@0.2292,0.4681,0.4635,0.0264"

urn:cts:greekLit:tlg1168.tlg001.hmt:epsilon.101,"urn:cite:bnf:coislin345img.Coislin345_img49@0.2252,0.4882,0.6827,0.0312"
urn:cts:greekLit:tlg1168.tlg001.hmt:epsilon.102,"urn:cite:bnf:coislin345img.Coislin345_img49@0.2232,0.5062,0.2052,0.025"
urn:cts:greekLit:tlg1168.tlg001.hmt:epsilon.103,"urn:cite:bnf:coislin345img.Coislin345_img49@0.4274,0.5111,0.2052,0.025"
urn:cts:greekLit:tlg1168.tlg001.hmt:epsilon.104,"urn:cite:bnf:coislin345img.Coislin345_img49@0.6436,0.5139,0.2693,0.0395"

urn:cts:greekLit:tlg1168.tlg001.hmt:epsilon.105,"urn:cite:bnf:coislin345img.Coislin345_img49@0.2122,0.5236,0.2553,0.034"
urn:cts:greekLit:tlg1168.tlg001.hmt:epsilon.106,"urn:cite:bnf:coislin345img.Coislin345_img49@0.4775,0.5333,0.3193,0.0264"
urn:cts:greekLit:tlg1168.tlg001.hmt:epsilon.107,"urn:cite:bnf:coislin345img.Coislin345_img49@0.2142,0.5499,0.3824,0.0291"
urn:cts:greekLit:tlg1168.tlg001.hmt:epsilon.108,"urn:cite:bnf:coislin345img.Coislin345_img49@0.6206,0.5555,0.2833,0.0305"
urn:cts:greekLit:tlg1168.tlg001.hmt:epsilon.109,"urn:cite:bnf:coislin345img.Coislin345_img49@0.2132,0.5693,0.6877,0.043"
urn:cts:greekLit:tlg1168.tlg001.hmt:epsilon.110,"urn:cite:bnf:coislin345img.Coislin345_img49@0.4565,0.5915,0.3173,0.0257"
urn:cts:greekLit:tlg1168.tlg001.hmt:epsilon.111,"urn:cite:bnf:coislin345img.Coislin345_img49@0.2142,0.6068,0.6206,0.0319"
urn:cts:greekLit:tlg1168.tlg001.hmt:epsilon.112,"urn:cite:bnf:coislin345img.Coislin345_img49@0.2182,0.6255,0.2683,0.0257"
urn:cts:greekLit:tlg1168.tlg001.hmt:epsilon.113,"urn:cite:bnf:coislin345img.Coislin345_img49@0.5085,0.6318,0.2733,0.0222"
urn:cts:greekLit:tlg1168.tlg001.hmt:epsilon.114,"urn:cite:bnf:coislin345img.Coislin345_img49@0.1882,0.6449,0.6406,0.0298"
urn:cts:greekLit:tlg1168.tlg001.hmt:epsilon.115,"urn:cite:bnf:coislin345img.Coislin345_img49@0.1892,0.6609,0.7057,0.0908"
urn:cts:greekLit:tlg1168.tlg001.hmt:epsilon.116,"urn:cite:bnf:coislin345img.Coislin345_img49@0.1962,0.7399,0.6947,0.0458"
urn:cts:greekLit:tlg1168.tlg001.hmt:epsilon.117,"urn:cite:bnf:coislin345img.Coislin345_img49@0.5846,0.7656,0.3203,0.025"
urn:cts:greekLit:tlg1168.tlg001.hmt:epsilon.118,"urn:cite:bnf:coislin345img.Coislin345_img49@0.2002,0.7781,0.6877,0.0534"
urn:cts:greekLit:tlg1168.tlg001.hmt:epsilon.119,"urn:cite:bnf:coislin345img.Coislin345_img49@0.6206,0.8051,0.2743,0.0291"
urn:cts:greekLit:tlg1168.tlg001.hmt:epsilon124,"urn:cite:bnf:coislin345img.Coislin345_img50@0.0851,0.1117,0.6937,0.0388"
urn:cts:greekLit:tlg1168.tlg001.hmt:epsilon125,"urn:cite:bnf:coislin345img.Coislin345_img50@0.0881,0.1394,0.3804,0.0305"
urn:cts:greekLit:tlg1168.tlg001.hmt:epsilon126,"urn:cite:bnf:coislin345img.Coislin345_img50@0.4765,0.1331,0.2222,0.0277"
urn:cts:greekLit:tlg1168.tlg001.hmt:epsilon127,"urn:cite:bnf:coislin345img.Coislin345_img50@0.0911,0.1671,0.1451,0.0222"
urn:cts:greekLit:tlg1168.tlg001.hmt:epsilon128,"urn:cite:bnf:coislin345img.Coislin345_img50@0.2523,0.1567,0.3944,0.0298"
urn:cts:greekLit:tlg1168.tlg001.hmt:epsilon129,"urn:cite:bnf:coislin345img.Coislin345_img50@0.0931,0.1838,0.2362,0.025"
urn:cts:greekLit:tlg1168.tlg001.hmt:epsilon130,"urn:cite:bnf:coislin345img.Coislin345_img50@0.3253,0.1796,0.1892,0.0222"
urn:cts:greekLit:tlg1168.tlg001.hmt:epsilon131,"urn:cite:bnf:coislin345img.Coislin345_img50@0.5546,0.1713,0.1772,0.0284"
urn:cts:greekLit:tlg1168.tlg001.hmt:epsilon132,"urn:cite:bnf:coislin345img.Coislin345_img50@0.0921,0.2074,0.2022,0.0208"
urn:cts:greekLit:tlg1168.tlg001.hmt:epsilon133,"urn:cite:bnf:coislin345img.Coislin345_img50@0.2963,0.199,0.3093,0.0236"
urn:cts:greekLit:tlg1168.tlg001.hmt:epsilon134,"urn:cite:bnf:coislin345img.Coislin345_img50@0.0891,0.224,0.2823,0.0222"
urn:cts:greekLit:tlg1168.tlg001.hmt:epsilon135,"urn:cite:bnf:coislin345img.Coislin345_img50@0.3664,0.2157,0.2943,0.027"
urn:cts:greekLit:tlg1168.tlg001.hmt:epsilon136,"urn:cite:bnf:coislin345img.Coislin345_img50@0.0951,0.2386,0.4795,0.025"
urn:cts:greekLit:tlg1168.tlg001.hmt:epsilon137,"urn:cite:bnf:coislin345img.Coislin345_img50@0.1321,0.2295,0.6316,0.0569"
urn:cts:greekLit:tlg1168.tlg001.hmt:epsilon138,"urn:cite:bnf:coislin345img.Coislin345_img50@0.4555,0.2531,0.3133,0.0479"
urn:cts:greekLit:tlg1168.tlg001.hmt:epsilon139,"urn:cite:bnf:coislin345img.Coislin345_img50@0.0961,0.2809,0.3433,0.025"
urn:cts:greekLit:tlg1168.tlg001.hmt:epsilon140,"urn:cite:bnf:coislin345img.Coislin345_img50@0.1001,0.3017,0.2723,0.0208"
urn:cts:greekLit:tlg1168.tlg001.hmt:epsilon141,"urn:cite:bnf:coislin345img.Coislin345_img50@0.3824,0.2892,0.3514,0.0264"
urn:cts:greekLit:tlg1168.tlg001.hmt:epsilon142,"urn:cite:bnf:coislin345img.Coislin345_img50@0.0981,0.3107,0.6827,0.0326"
urn:cts:greekLit:tlg1168.tlg001.hmt:epsilon143,"urn:cite:bnf:coislin345img.Coislin345_img50@0.1001,0.3363,0.3724,0.0236"
urn:cts:greekLit:tlg1168.tlg001.hmt:epsilon144,"urn:cite:bnf:coislin345img.Coislin345_img50@0.1441,0.3301,0.6507,0.052"
urn:cts:greekLit:tlg1168.tlg001.hmt:epsilon145,"urn:cite:bnf:coislin345img.Coislin345_img50@0.1081,0.3731,0.6627,0.0458"
urn:cts:greekLit:tlg1168.tlg001.hmt:epsilon146,"urn:cite:bnf:coislin345img.Coislin345_img50@0.1071,0.4092,0.7087,0.0368"
urn:cts:greekLit:tlg1168.tlg001.hmt:epsilon147,"urn:cite:bnf:coislin345img.Coislin345_img50@0.1041,0.4258,0.5906,0.0548"
urn:cts:greekLit:tlg1168.tlg001.hmt:epsilon148,"urn:cite:bnf:coislin345img.Coislin345_img50@0.1441,0.4515,0.6346,0.0485"
urn:cts:greekLit:tlg1168.tlg001.hmt:epsilon149,"urn:cite:bnf:coislin345img.Coislin345_img50@0.4785,0.466,0.3303,0.0319"
urn:cts:greekLit:tlg1168.tlg001.hmt:epsilon150,"urn:cite:bnf:coislin345img.Coislin345_img50@0.1061,0.4931,0.2753,0.0264"
urn:cts:greekLit:tlg1168.tlg001.hmt:epsilon151,"urn:cite:bnf:coislin345img.Coislin345_img50@0.4044,0.4917,0.1471,0.0243"
urn:cts:greekLit:tlg1168.tlg001.hmt:epsilon152,"urn:cite:bnf:coislin345img.Coislin345_img50@0.1612,0.4847,0.6096,0.0506"
urn:cts:greekLit:tlg1168.tlg001.hmt:epsilon153,"urn:cite:bnf:coislin345img.Coislin345_img50@0.1061,0.5222,0.6817,0.0527"
urn:cts:greekLit:tlg1168.tlg001.hmt:epsilon154,"urn:cite:bnf:coislin345img.Coislin345_img50@0.1141,0.5624,0.6827,0.1137"
urn:cts:greekLit:tlg1168.tlg001.hmt:epsilon155,"urn:cite:bnf:coislin345img.Coislin345_img50@0.1191,0.6692,0.1632,0.0291"
urn:cts:greekLit:tlg1168.tlg001.hmt:epsilon156,"urn:cite:bnf:coislin345img.Coislin345_img50@0.2913,0.6664,0.2142,0.0236"
urn:cts:greekLit:tlg1168.tlg001.hmt:epsilon157,"urn:cite:bnf:coislin345img.Coislin345_img50@0.1241,0.6623,0.6867,0.0499"
urn:cts:greekLit:tlg1168.tlg001.hmt:epsilon158,"urn:cite:bnf:coislin345img.Coislin345_img50@0.1241,0.7039,0.6867,0.0513"
urn:cts:greekLit:tlg1168.tlg001.hmt:epsilon159,"urn:cite:bnf:coislin345img.Coislin345_img50@0.1241,0.7427,0.2543,0.027"
urn:cts:greekLit:tlg1168.tlg001.hmt:epsilon160,"urn:cite:bnf:coislin345img.Coislin345_img50@0.1211,0.7607,0.5015,0.0257"
urn:cts:greekLit:tlg1168.tlg001.hmt:epsilon161,"urn:cite:bnf:coislin345img.Coislin345_img50@0.1291,0.7753,0.6627,0.0506"
urn:cts:greekLit:tlg1168.tlg001.hmt:epsilon162,"urn:cite:bnf:coislin345img.Coislin345_img50@0.6116,0.7933,0.1802,0.0257"
urn:cts:greekLit:tlg1168.tlg001.hmt:epsilon163,"urn:cite:bnf:coislin345img.Coislin345_img51@0.2402,0.1123,0.3293,0.027"
urn:cts:greekLit:tlg1168.tlg001.hmt:epsilon164,"urn:cite:bnf:coislin345img.Coislin345_img51@0.5756,0.1165,0.3554,0.0534"
urn:cts:greekLit:tlg1168.tlg001.hmt:epsilon165,"urn:cite:bnf:coislin345img.Coislin345_img51@0.2352,0.1304,0.4114,0.0326"
urn:cts:greekLit:tlg1168.tlg001.hmt:epsilon166,"urn:cite:bnf:coislin345img.Coislin345_img51@0.2272,0.1533,0.3864,0.0264"
urn:cts:greekLit:tlg1168.tlg001.hmt:epsilon167,"urn:cite:bnf:coislin345img.Coislin345_img51@0.6116,0.1602,0.2492,0.0319"
urn:cts:greekLit:tlg1168.tlg001.hmt:epsilon168,"urn:cite:bnf:coislin345img.Coislin345_img51@0.2292,0.1748,0.6787,0.0596"
urn:cts:greekLit:tlg1168.tlg001.hmt:epsilon169,"urn:cite:bnf:coislin345img.Coislin345_img51@0.5305,0.2129,0.3844,0.0492"
urn:cts:greekLit:tlg1168.tlg001.hmt:epsilon170,"urn:cite:bnf:coislin345img.Coislin345_img51@0.2302,0.2323,0.2663,0.025"
urn:cts:greekLit:tlg1168.tlg001.hmt:epsilon171,"urn:cite:bnf:coislin345img.Coislin345_img51@0.5175,0.2337,0.1892,0.025"
urn:cts:greekLit:tlg1168.tlg001.hmt:epsilon172,"urn:cite:bnf:coislin345img.Coislin345_img51@0.2322,0.2497,0.2823,0.0277"
urn:cts:greekLit:tlg1168.tlg001.hmt:epsilon173,"urn:cite:bnf:coislin345img.Coislin345_img51@0.2813,0.2587,0.6236,0.0603"
urn:cts:greekLit:tlg1168.tlg001.hmt:epsilon174,"urn:cite:bnf:coislin345img.Coislin345_img51@0.2122,0.3058,0.4284,0.0361"
urn:cts:greekLit:tlg1168.tlg001.hmt:epsilon175,"urn:cite:bnf:coislin345img.Coislin345_img51@0.6507,0.3183,0.2553,0.0264"
urn:cts:greekLit:tlg1168.tlg001.hmt:epsilon176,"urn:cite:bnf:coislin345img.Coislin345_img51@0.2282,0.3294,0.2553,0.0264"
urn:cts:greekLit:tlg1168.tlg001.hmt:epsilon177,"urn:cite:bnf:coislin345img.Coislin345_img51@0.2653,0.335,0.6336,0.0472"
urn:cts:greekLit:tlg1168.tlg001.hmt:epsilon178,"urn:cite:bnf:coislin345img.Coislin345_img51@0.2202,0.3696,0.5065,0.0305"
urn:cts:greekLit:tlg1168.tlg001.hmt:epsilon179,"urn:cite:bnf:coislin345img.Coislin345_img51@0.2292,0.387,0.4174,0.0291"
urn:cts:greekLit:tlg1168.tlg001.hmt:epsilon180,"urn:cite:bnf:coislin345img.Coislin345_img51@0.2633,0.3974,0.6366,0.0596"
urn:cts:greekLit:tlg1168.tlg001.hmt:epsilon181,"urn:cite:bnf:coislin345img.Coislin345_img51@0.2142,0.4466,0.2322,0.0291"
urn:cts:greekLit:tlg1168.tlg001.hmt:epsilon182,"urn:cite:bnf:coislin345img.Coislin345_img51@0.4525,0.4515,0.2322,0.0291"
urn:cts:greekLit:tlg1168.tlg001.hmt:epsilon183,"urn:cite:bnf:coislin345img.Coislin345_img51@0.6957,0.4563,0.2322,0.0291"
urn:cts:greekLit:tlg1168.tlg001.hmt:epsilon184,"urn:cite:bnf:coislin345img.Coislin345_img51@0.2182,0.4639,0.3183,0.0291"
urn:cts:greekLit:tlg1168.tlg001.hmt:epsilon185,"urn:cite:bnf:coislin345img.Coislin345_img51@0.5445,0.4723,0.2613,0.0298"
urn:cts:greekLit:tlg1168.tlg001.hmt:epsilon186,"urn:cite:bnf:coislin345img.Coislin345_img51@0.2222,0.4896,0.5586,0.0257"
urn:cts:greekLit:tlg1168.tlg001.hmt:epsilon187,"urn:cite:bnf:coislin345img.Coislin345_img51@0.2212,0.5021,0.4815,0.0284"
urn:cts:greekLit:tlg1168.tlg001.hmt:epsilon188,"urn:cite:bnf:coislin345img.Coislin345_img51@0.7147,0.5097,0.2022,0.0347"
urn:cts:greekLit:tlg1168.tlg001.hmt:epsilon187b,"urn:cite:bnf:coislin345img.Coislin345_img51@0.2222,0.5257,0.2743,0.0284"
urn:cts:greekLit:tlg1168.tlg001.hmt:epsilon189,"urn:cite:bnf:coislin345img.Coislin345_img51@0.5125,0.5264,0.4104,0.0444"
urn:cts:greekLit:tlg1168.tlg001.hmt:epsilon190,"urn:cite:bnf:coislin345img.Coislin345_img51@0.2142,0.5423,0.3123,0.0257"
urn:cts:greekLit:tlg1168.tlg001.hmt:epsilon191,"urn:cite:bnf:coislin345img.Coislin345_img51@0.2112,0.5596,0.4585,0.0326"
urn:cts:greekLit:tlg1168.tlg001.hmt:epsilon192,"urn:cite:bnf:coislin345img.Coislin345_img51@0.6667,0.5666,0.2122,0.0305"
urn:cts:greekLit:tlg1168.tlg001.hmt:epsilon193,"urn:cite:bnf:coislin345img.Coislin345_img51@0.2152,0.5756,0.3003,0.0305"
urn:cts:greekLit:tlg1168.tlg001.hmt:epsilon194,"urn:cite:bnf:coislin345img.Coislin345_img51@0.5235,0.5853,0.3413,0.027"
urn:cts:greekLit:tlg1168.tlg001.hmt:epsilon195,"urn:cite:bnf:coislin345img.Coislin345_img51@0.2132,0.5978,0.2693,0.027"
urn:cts:greekLit:tlg1168.tlg001.hmt:epsilon196,"urn:cite:bnf:coislin345img.Coislin345_img51@0.4855,0.6012,0.4284,0.0333"
urn:cts:greekLit:tlg1168.tlg001.hmt:epsilon197,"urn:cite:bnf:coislin345img.Coislin345_img51@0.2082,0.6207,0.1602,0.0257"
urn:cts:greekLit:tlg1168.tlg001.hmt:epsilon198,"urn:cite:bnf:coislin345img.Coislin345_img51@0.3724,0.62,0.2773,0.0257"
urn:cts:greekLit:tlg1168.tlg001.hmt:epsilon199,"urn:cite:bnf:coislin345img.Coislin345_img51@0.6496,0.6276,0.2372,0.0416"
urn:cts:greekLit:tlg1168.tlg001.hmt:epsilon200,"urn:cite:bnf:coislin345img.Coislin345_img51@0.2212,0.6359,0.2913,0.0319"
urn:cts:greekLit:tlg1168.tlg001.hmt:epsilon201,"urn:cite:bnf:coislin345img.Coislin345_img51@0.2082,0.6602,0.6907,0.0451"
urn:cts:greekLit:tlg1168.tlg001.hmt:epsilon202,"urn:cite:bnf:coislin345img.Coislin345_img51@0.2002,0.6963,0.6206,0.0312"
urn:cts:greekLit:tlg1168.tlg001.hmt:epsilon203,"urn:cite:bnf:coislin345img.Coislin345_img51@0.2152,0.7191,0.4645,0.0257"
urn:cts:greekLit:tlg1168.tlg001.hmt:epsilon204,"urn:cite:bnf:coislin345img.Coislin345_img51@0.2112,0.7399,0.4154,0.0264"
urn:cts:greekLit:tlg1168.tlg001.hmt:epsilon205,"urn:cite:bnf:coislin345img.Coislin345_img51@0.6386,0.7462,0.2262,0.025"
urn:cts:greekLit:tlg1168.tlg001.hmt:epsilon206,"urn:cite:bnf:coislin345img.Coislin345_img51@0.2062,0.7607,0.6707,0.0381"
urn:cts:greekLit:tlg1168.tlg001.hmt:epsilon207,"urn:cite:bnf:coislin345img.Coislin345_img51@0.6446,0.7809,0.2292,0.0264"
urn:cts:greekLit:tlg1168.tlg001.hmt:epsilon208,"urn:cite:bnf:coislin345img.Coislin345_img51@0.1942,0.7933,0.3133,0.0347"
urn:cts:greekLit:tlg1168.tlg001.hmt:epsilon209,"urn:cite:bnf:coislin345img.Coislin345_img51@0.5105,0.7989,0.3954,0.0333"
urn:cts:greekLit:tlg1168.tlg001.hmt:epsilon210,"urn:cite:bnf:coislin345img.Coislin345_img52@0.0711,0.1221,0.3213,0.0284"
urn:cts:greekLit:tlg1168.tlg001.hmt:epsilon211,"urn:cite:bnf:coislin345img.Coislin345_img52@0.4074,0.1158,0.3083,0.025"
urn:cts:greekLit:tlg1168.tlg001.hmt:epsilon212,"urn:cite:bnf:coislin345img.Coislin345_img52@0.0681,0.1366,0.5706,0.0374"
urn:cts:greekLit:tlg1168.tlg001.hmt:epsilon213,"urn:cite:bnf:coislin345img.Coislin345_img52@0.0701,0.1644,0.4444,0.0284"
urn:cts:greekLit:tlg1168.tlg001.hmt:epsilon214,"urn:cite:bnf:coislin345img.Coislin345_img52@0.1201,0.1519,0.6296,0.0603"
urn:cts:greekLit:tlg1168.tlg001.hmt:epsilon215,"urn:cite:bnf:coislin345img.Coislin345_img52@0.0771,0.2136,0.2553,0.0215"
urn:cts:greekLit:tlg1168.tlg001.hmt:epsilon216,"urn:cite:bnf:coislin345img.Coislin345_img52@0.3393,0.1949,0.4124,0.0534"
urn:cts:greekLit:tlg1168.tlg001.hmt:epsilon217,"urn:cite:bnf:coislin345img.Coislin345_img52@0.0791,0.2261,0.4294,0.0298"
urn:cts:greekLit:tlg1168.tlg001.hmt:epsilon218,"urn:cite:bnf:coislin345img.Coislin345_img52@0.0731,0.2462,0.2432,0.025"
urn:cts:greekLit:tlg1168.tlg001.hmt:epsilon219,"urn:cite:bnf:coislin345img.Coislin345_img52@0.3363,0.242,0.2392,0.0229"
urn:cts:greekLit:tlg1168.tlg001.hmt:epsilon220,"urn:cite:bnf:coislin345img.Coislin345_img52@0.0781,0.2601,0.5165,0.0291"
urn:cts:greekLit:tlg1168.tlg001.hmt:epsilon221,"urn:cite:bnf:coislin345img.Coislin345_img52@0.0771,0.2739,0.6116,0.034"
urn:cts:greekLit:tlg1168.tlg001.hmt:epsilon222,"urn:cite:bnf:coislin345img.Coislin345_img52@0.0761,0.301,0.2242,0.0243"
urn:cts:greekLit:tlg1168.tlg001.hmt:epsilon223,"urn:cite:bnf:coislin345img.Coislin345_img52@0.3273,0.2899,0.3564,0.0284"
urn:cts:greekLit:tlg1168.tlg001.hmt:epsilon224,"urn:cite:bnf:coislin345img.Coislin345_img52@0.0761,0.3121,0.4334,0.0312"
urn:cts:greekLit:tlg1168.tlg001.hmt:epsilon225,"urn:cite:bnf:coislin345img.Coislin345_img52@0.0791,0.3363,0.3283,0.0257"
urn:cts:greekLit:tlg1168.tlg001.hmt:epsilon226,"urn:cite:bnf:coislin345img.Coislin345_img52@0.4174,0.328,0.2583,0.0305"
urn:cts:greekLit:tlg1168.tlg001.hmt:epsilon227,"urn:cite:bnf:coislin345img.Coislin345_img52@0.0881,0.3523,0.4705,0.0333"
urn:cts:greekLit:tlg1168.tlg001.hmt:epsilon228,"urn:cite:bnf:coislin345img.Coislin345_img52@0.5506,0.3454,0.1171,0.0264"
urn:cts:greekLit:tlg1168.tlg001.hmt:epsilon229,"urn:cite:bnf:coislin345img.Coislin345_img52@0.0871,0.3703,0.5125,0.0326"
urn:cts:greekLit:tlg1168.tlg001.hmt:epsilon230,"urn:cite:bnf:coislin345img.Coislin345_img52@0.0841,0.3883,0.3373,0.0333"
urn:cts:greekLit:tlg1168.tlg001.hmt:epsilon231,"urn:cite:bnf:coislin345img.Coislin345_img52@0.4324,0.3856,0.2813,0.0312"
urn:cts:greekLit:tlg1168.tlg001.hmt:epsilon232,"urn:cite:bnf:coislin345img.Coislin345_img52@0.0871,0.4085,0.3544,0.0312"
urn:cts:greekLit:tlg1168.tlg001.hmt:epsilon233,"urn:cite:bnf:coislin345img.Coislin345_img52@0.4354,0.4015,0.2873,0.0312"
urn:cts:greekLit:tlg1168.tlg001.hmt:epsilon234,"urn:cite:bnf:coislin345img.Coislin345_img52@0.0871,0.432,0.3133,0.0319"
urn:cts:greekLit:tlg1168.tlg001.hmt:epsilon235,"urn:cite:bnf:coislin345img.Coislin345_img52@0.4154,0.4223,0.1922,0.0312"
urn:cts:greekLit:tlg1168.tlg001.hmt:epsilon236,"urn:cite:bnf:coislin345img.Coislin345_img52@0.6096,0.4182,0.1962,0.0305"
urn:cts:greekLit:tlg1168.tlg001.hmt:epsilon237,"urn:cite:bnf:coislin345img.Coislin345_img52@0.0881,0.4501,0.2503,0.0257"
urn:cts:greekLit:tlg1168.tlg001.hmt:epsilon238,"urn:cite:bnf:coislin345img.Coislin345_img52@0.1451,0.4411,0.6436,0.0846"
urn:cts:greekLit:tlg1168.tlg001.hmt:epsilon239,"urn:cite:bnf:coislin345img.Coislin345_img52@0.0881,0.5208,0.4024,0.0305"
urn:cts:greekLit:tlg1168.tlg001.hmt:epsilon240,"urn:cite:bnf:coislin345img.Coislin345_img52@0.1421,0.5139,0.6316,0.0742"
urn:cts:greekLit:tlg1168.tlg001.hmt:epsilon241,"urn:cite:bnf:coislin345img.Coislin345_img52@0.0981,0.5756,0.6837,0.0479"
urn:cts:greekLit:tlg1168.tlg001.hmt:epsilon242,"urn:cite:bnf:coislin345img.Coislin345_img52@0.5626,0.5881,0.2352,0.052"
urn:cts:greekLit:tlg1168.tlg001.hmt:epsilon243,"urn:cite:bnf:coislin345img.Coislin345_img52@0.1001,0.6165,0.4074,0.0312"
urn:cts:greekLit:tlg1168.tlg001.hmt:epsilon244,"urn:cite:bnf:coislin345img.Coislin345_img52@0.0991,0.6304,0.6797,0.0562"
urn:cts:greekLit:tlg1168.tlg001.hmt:epsilon245,"urn:cite:bnf:coislin345img.Coislin345_img52@0.1371,0.6533,0.6527,0.0687"
urn:cts:greekLit:tlg1168.tlg001.hmt:epsilon246,"urn:cite:bnf:coislin345img.Coislin345_img52@0.1031,0.7157,0.4154,0.0243"
urn:cts:greekLit:tlg1168.tlg001.hmt:epsilon247,"urn:cite:bnf:coislin345img.Coislin345_img52@0.1491,0.7108,0.6396,0.0492"
urn:cts:greekLit:tlg1168.tlg001.hmt:epsilon248,"urn:cite:bnf:coislin345img.Coislin345_img52@0.1171,0.7434,0.6777,0.0374"
urn:cts:greekLit:tlg1168.tlg001.hmt:epsilon249,"urn:cite:bnf:coislin345img.Coislin345_img52@0.1101,0.7691,0.3213,0.0333"
urn:cts:greekLit:tlg1168.tlg001.hmt:epsilon250,"urn:cite:bnf:coislin345img.Coislin345_img52@0.4464,0.7691,0.2613,0.0277"
urn:cts:greekLit:tlg1168.tlg001.hmt:epsilon251,"urn:cite:bnf:coislin345img.Coislin345_img52@0.1141,0.7899,0.2903,0.0333"
urn:cts:greekLit:tlg1168.tlg001.hmt:epsilon252,"urn:cite:bnf:coislin345img.Coislin345_img52@0.4194,0.7885,0.2593,0.0312"
urn:cts:greekLit:tlg1168.tlg001.hmt:epsilon253,"urn:cite:bnf:coislin345img.Coislin345_img53@0.2422,0.111,0.2673,0.0326"
urn:cts:greekLit:tlg1168.tlg001.hmt:epsilon254,"urn:cite:bnf:coislin345img.Coislin345_img53@0.5225,0.1172,0.3013,0.0333"
urn:cts:greekLit:tlg1168.tlg001.hmt:epsilon255,"urn:cite:bnf:coislin345img.Coislin345_img53@0.2392,0.1359,0.2573,0.0284"
urn:cts:greekLit:tlg1168.tlg001.hmt:epsilon256,"urn:cite:bnf:coislin345img.Coislin345_img53@0.4995,0.1401,0.3233,0.0326"
urn:cts:greekLit:tlg1168.tlg001.hmt:epsilon257,"urn:cite:bnf:coislin345img.Coislin345_img53@0.2352,0.1567,0.6717,0.0513"
urn:cts:greekLit:tlg1168.tlg001.hmt:epsilon258,"urn:cite:bnf:coislin345img.Coislin345_img53@0.4264,0.1803,0.2723,0.0354"
urn:cts:greekLit:tlg1168.tlg001.hmt:epsilon259,"urn:cite:bnf:coislin345img.Coislin345_img53@0.2282,0.1969,0.6406,0.0402"
urn:cts:greekLit:tlg1168.tlg001.hmt:epsilon260,"urn:cite:bnf:coislin345img.Coislin345_img53@0.2302,0.2205,0.4344,0.0298"
urn:cts:greekLit:tlg1168.tlg001.hmt:epsilon261,"urn:cite:bnf:coislin345img.Coislin345_img53@0.2503,0.2337,0.6557,0.0562"
urn:cts:greekLit:tlg1168.tlg001.hmt:epsilon262,"urn:cite:bnf:coislin345img.Coislin345_img53@0.6847,0.2663,0.2262,0.0305"
urn:cts:greekLit:tlg1168.tlg001.hmt:epsilon263,"urn:cite:bnf:coislin345img.Coislin345_img53@0.2302,0.2698,0.6747,0.0576"
urn:cts:greekLit:tlg1168.tlg001.hmt:epsilon264,"urn:cite:bnf:coislin345img.Coislin345_img53@0.6667,0.2968,0.2422,0.0319"
urn:cts:greekLit:tlg1168.tlg001.hmt:epsilon265,"urn:cite:bnf:coislin345img.Coislin345_img53@0.2292,0.3079,0.6717,0.0555"
urn:cts:greekLit:tlg1168.tlg001.hmt:epsilon266,"urn:cite:bnf:coislin345img.Coislin345_img53@0.6997,0.3377,0.2122,0.0444"
urn:cts:greekLit:tlg1168.tlg001.hmt:epsilon267,"urn:cite:bnf:coislin345img.Coislin345_img53@0.2252,0.3474,0.4224,0.0354"
urn:cts:greekLit:tlg1168.tlg001.hmt:epsilon268,"urn:cite:bnf:coislin345img.Coislin345_img53@0.2192,0.3689,0.3293,0.0326"
urn:cts:greekLit:tlg1168.tlg001.hmt:epsilon269,"urn:cite:bnf:coislin345img.Coislin345_img53@0.5666,0.3779,0.3504,0.0465"
urn:cts:greekLit:tlg1168.tlg001.hmt:epsilon270,"urn:cite:bnf:coislin345img.Coislin345_img53@0.2222,0.3877,0.4384,0.0347"
urn:cts:greekLit:tlg1168.tlg001.hmt:epsilon271,"urn:cite:bnf:coislin345img.Coislin345_img53@0.2242,0.4085,0.6867,0.0492"
urn:cts:greekLit:tlg1168.tlg001.hmt:epsilon272,"urn:cite:bnf:coislin345img.Coislin345_img53@0.2212,0.4279,0.3143,0.0291"
urn:cts:greekLit:tlg1168.tlg001.hmt:epsilon273,"urn:cite:bnf:coislin345img.Coislin345_img53@0.5325,0.4334,0.3804,0.0444"
urn:cts:greekLit:tlg1168.tlg001.hmt:epsilon274,"urn:cite:bnf:coislin345img.Coislin345_img53@0.2162,0.4459,0.2422,0.0264"
urn:cts:greekLit:tlg1168.tlg001.hmt:epsilon275,"urn:cite:bnf:coislin345img.Coislin345_img53@0.4625,0.4515,0.2663,0.025"
urn:cts:greekLit:tlg1168.tlg001.hmt:epsilon276,"urn:cite:bnf:coislin345img.Coislin345_img53@0.2192,0.4626,0.6727,0.0444"
urn:cts:greekLit:tlg1168.tlg001.hmt:epsilon277,"urn:cite:bnf:coislin345img.Coislin345_img53@0.4384,0.484,0.3323,0.027"
urn:cts:greekLit:tlg1168.tlg001.hmt:epsilon278,"urn:cite:bnf:coislin345img.Coislin345_img53@0.2162,0.4958,0.3403,0.0319"
urn:cts:greekLit:tlg1168.tlg001.hmt:epsilon279,"urn:cite:bnf:coislin345img.Coislin345_img53@0.5676,0.5055,0.3363,0.0402"
urn:cts:greekLit:tlg1168.tlg001.hmt:epsilon280,"urn:cite:bnf:coislin345img.Coislin345_img53@0.2132,0.5201,0.5445,0.0354"
urn:cts:greekLit:tlg1168.tlg001.hmt:epsilon281,"urn:cite:bnf:coislin345img.Coislin345_img53@0.2002,0.5402,0.3243,0.0312"
urn:cts:greekLit:tlg1168.tlg001.hmt:epsilon282,"urn:cite:bnf:coislin345img.Coislin345_img53@0.5475,0.5444,0.2432,0.0277"
urn:cts:greekLit:tlg1168.tlg001.hmt:epsilon283,"urn:cite:bnf:coislin345img.Coislin345_img53@0.2162,0.561,0.6737,0.0319"
urn:cts:greekLit:tlg1168.tlg001.hmt:epsilon284,"urn:cite:bnf:coislin345img.Coislin345_img53@0.2152,0.5804,0.2322,0.0257"
urn:cts:greekLit:tlg1168.tlg001.hmt:epsilon285,"urn:cite:bnf:coislin345img.Coislin345_img53@0.4605,0.5818,0.4464,0.0423"
urn:cts:greekLit:tlg1168.tlg001.hmt:epsilon286,"urn:cite:bnf:coislin345img.Coislin345_img53@0.2062,0.5978,0.1592,0.0257"
urn:cts:greekLit:tlg1168.tlg001.hmt:epsilon287,"urn:cite:bnf:coislin345img.Coislin345_img53@0.3844,0.5999,0.4204,0.0277"
urn:cts:greekLit:tlg1168.tlg001.hmt:epsilon288,"urn:cite:bnf:coislin345img.Coislin345_img53@0.2102,0.6179,0.3704,0.0312"
urn:cts:greekLit:tlg1168.tlg001.hmt:epsilon289,"urn:cite:bnf:coislin345img.Coislin345_img53@0.5946,0.6248,0.3053,0.0257"
urn:cts:greekLit:tlg1168.tlg001.hmt:epsilon290,"urn:cite:bnf:coislin345img.Coislin345_img53@0.2162,0.6401,0.4575,0.025"
urn:cts:greekLit:tlg1168.tlg001.hmt:epsilon291,"urn:cite:bnf:coislin345img.Coislin345_img53@0.2322,0.6442,0.6587,0.0416"
urn:cts:greekLit:tlg1168.tlg001.hmt:epsilon292,"urn:cite:bnf:coislin345img.Coislin345_img53@0.2082,0.6755,0.1922,0.027"
urn:cts:greekLit:tlg1168.tlg001.hmt:epsilon293,"urn:cite:bnf:coislin345img.Coislin345_img53@0.4184,0.6775,0.4805,0.0305"
urn:cts:greekLit:tlg1168.tlg001.hmt:epsilon294,"urn:cite:bnf:coislin345img.Coislin345_img53@0.2082,0.6942,0.6146,0.0319"
urn:cts:greekLit:tlg1168.tlg001.hmt:epsilon295,"urn:cite:bnf:coislin345img.Coislin345_img53@0.1972,0.7157,0.3173,0.0284"
urn:cts:greekLit:tlg1168.tlg001.hmt:epsilon296,"urn:cite:bnf:coislin345img.Coislin345_img53@0.5345,0.7205,0.3033,0.0284"
urn:cts:greekLit:tlg1168.tlg001.hmt:epsilon297,"urn:cite:bnf:coislin345img.Coislin345_img53@0.1872,0.733,0.5095,0.0291"
urn:cts:greekLit:tlg1168.tlg001.hmt:epsilon298,"urn:cite:bnf:coislin345img.Coislin345_img53@0.1892,0.7538,0.3153,0.0264"
urn:cts:greekLit:tlg1168.tlg001.hmt:epsilon299,"urn:cite:bnf:coislin345img.Coislin345_img53@0.1762,0.7545,0.7097,0.0465"
urn:cts:greekLit:tlg1168.tlg001.hmt:epsilon300,"urn:cite:bnf:coislin345img.Coislin345_img53@0.5045,0.7788,0.2793,0.0291"
urn:cts:greekLit:tlg1168.tlg001.hmt:epsilon301,"urn:cite:bnf:coislin345img.Coislin345_img53@0.1872,0.794,0.2543,0.0388"
urn:cts:greekLit:tlg1168.tlg001.hmt:epsilon302,"urn:cite:bnf:coislin345img.Coislin345_img53@0.4625,0.7968,0.2663,0.027"
urn:cts:greekLit:tlg1168.tlg001.hmt:epsilon303,"urn:cite:bnf:coislin345img.Coislin345_img54@0.0821,0.1283,0.4905,0.0347"
urn:cts:greekLit:tlg1168.tlg001.hmt:epsilon304,"urn:cite:bnf:coislin345img.Coislin345_img54@0.5606,0.1193,0.1712,0.0291"
urn:cts:greekLit:tlg1168.tlg001.hmt:epsilon305,"urn:cite:bnf:coislin345img.Coislin345_img54@0.0781,0.156,0.3043,0.034"
urn:cts:greekLit:tlg1168.tlg001.hmt:epsilon306,"urn:cite:bnf:coislin345img.Coislin345_img54@0.1081,0.1442,0.6817,0.0589"
urn:cts:greekLit:tlg1168.tlg001.hmt:epsilon307,"urn:cite:bnf:coislin345img.Coislin345_img54@0.3774,0.1734,0.3473,0.0291"
urn:cts:greekLit:tlg1168.tlg001.hmt:epsilon308,"urn:cite:bnf:coislin345img.Coislin345_img54@0.0781,0.2011,0.1602,0.025"
urn:cts:greekLit:tlg1168.tlg001.hmt:epsilon309,"urn:cite:bnf:coislin345img.Coislin345_img54@0.2422,0.1935,0.5205,0.0277"
urn:cts:greekLit:tlg1168.tlg001.hmt:epsilon310,"urn:cite:bnf:coislin345img.Coislin345_img54@0.0811,0.224,0.1882,0.0215"
urn:cts:greekLit:tlg1168.tlg001.hmt:epsilon311,"urn:cite:bnf:coislin345img.Coislin345_img54@0.2723,0.2108,0.4885,0.0264"
urn:cts:greekLit:tlg1168.tlg001.hmt:epsilon312,"urn:cite:bnf:coislin345img.Coislin345_img54@0.0781,0.2399,0.2232,0.0257"
urn:cts:greekLit:tlg1168.tlg001.hmt:epsilon313,"urn:cite:bnf:coislin345img.Coislin345_img54@0.2973,0.2295,0.3904,0.0264"
urn:cts:greekLit:tlg1168.tlg001.hmt:epsilon314,"urn:cite:bnf:coislin345img.Coislin345_img54@0.0801,0.2483,0.6917,0.0548"
urn:cts:greekLit:tlg1168.tlg001.hmt:epsilon315,"urn:cite:bnf:coislin345img.Coislin345_img54@0.0851,0.2878,0.5796,0.034"
urn:cts:greekLit:tlg1168.tlg001.hmt:epsilon316,"urn:cite:bnf:coislin345img.Coislin345_img54@0.0781,0.3162,0.2272,0.0284"
urn:cts:greekLit:tlg1168.tlg001.hmt:epsilon317,"urn:cite:bnf:coislin345img.Coislin345_img54@0.3083,0.31,0.2002,0.0236"
urn:cts:greekLit:tlg1168.tlg001.hmt:epsilon318,"urn:cite:bnf:coislin345img.Coislin345_img54@0.5245,0.3031,0.2482,0.0277"
urn:cts:greekLit:tlg1168.tlg001.hmt:epsilon319,"urn:cite:bnf:coislin345img.Coislin345_img54@0.0821,0.3225,0.6987,0.0534"
urn:cts:greekLit:tlg1168.tlg001.hmt:epsilon320,"urn:cite:bnf:coislin345img.Coislin345_img54@0.1261,0.3419,0.6697,0.052"
urn:cts:greekLit:tlg1168.tlg001.hmt:epsilon321,"urn:cite:bnf:coislin345img.Coislin345_img54@0.5225,0.3606,0.2743,0.0284"
urn:cts:greekLit:tlg1168.tlg001.hmt:epsilon322,"urn:cite:bnf:coislin345img.Coislin345_img54@0.0861,0.3835,0.5125,0.0319"
urn:cts:greekLit:tlg1168.tlg001.hmt:epsilon323,"urn:cite:bnf:coislin345img.Coislin345_img54@0.0821,0.4057,0.5275,0.0291"
urn:cts:greekLit:tlg1168.tlg001.hmt:epsilon324,"urn:cite:bnf:coislin345img.Coislin345_img54@0.6096,0.396,0.1812,0.0257"
urn:cts:greekLit:tlg1168.tlg001.hmt:epsilon325,"urn:cite:bnf:coislin345img.Coislin345_img54@0.0881,0.4293,0.3453,0.0257"
urn:cts:greekLit:tlg1168.tlg001.hmt:epsilon326,"urn:cite:bnf:coislin345img.Coislin345_img54@0.4515,0.4237,0.2733,0.0243"
urn:cts:greekLit:tlg1168.tlg001.hmt:epsilon327,"urn:cite:bnf:coislin345img.Coislin345_img54@0.0981,0.4424,0.6296,0.0347"
